index,abstand_cm
0,16.56
1,16.69
2,16.69
3,16.46
4,16.69
5,16.69
6,16.69
7,16.71
8,16.69
9,16.69
10,16.69
11,16.69
12,16.69
13,16.69
14,16.44
15,16.69
16,16.69
17,16.69
18,16.69
19,16.69
20,16.68
21,16.69
22,16.69
23,16.69
24,16.68
25,16.46
26,16.69
27,16.69
28,16.69
29,16.69
30,16.44
31,16.69
32,16.69
33,16.69
34,16.69
35,16.71
36,16.54
37,16.69
38,16.69
39,16.69
40,16.69
41,16.46
42,16.69
43,16.69
44,16.69
45,16.71
46,16.69
47,16.69
48,16.69
49,16.69
